{
  "0": 1.0008857697679965,
  "1": 0.9991157966332257
}