{
  "0": 0.7079230970145016,
  "1": 5.801135306160432,
  "2": 0.7066952342084977
}