{
  "0": 0.7208725041070511,
  "1": 8.601727115716754,
  "2": 0.6682095970268402
}