{
  "0": 0.9994181536074477,
  "1": 1.0005825242718447
}