{
  "threshold": 0.43999999999999995,
  "val": {
    "acc": 0.6561368209255534,
    "f1_macro": 0.6555565035870465,
    "cm": [
      [
        12228,
        7663
      ],
      [
        6009,
        13860
      ]
    ]
  },
  "test": {
    "acc": 0.6568647180157972,
    "f1_macro": 0.6562733022328053,
    "cm": [
      [
        12232,
        7656
      ],
      [
        5985,
        13881
      ]
    ]
  },
  "best_thr_by_acc": {
    "thr": 0.43999999999999995,
    "val_acc": 0.6561368209255534
  },
  "best_thr_by_f1": {
    "thr": 0.4799999999999999,
    "val_f1": 0.6557281830910782
  }
}