{
  "threshold": 0.44499999999999995,
  "val": {
    "acc": 0.6549944417976814,
    "f1_macro": 0.654878332015971,
    "cm": [
      [
        4240,
        2052
      ],
      [
        2293,
        4009
      ]
    ]
  },
  "test": {
    "acc": 0.6415184243964421,
    "f1_macro": 0.6413701941325736,
    "cm": [
      [
        4167,
        2124
      ],
      [
        2390,
        3911
      ]
    ]
  },
  "best_thr_by_acc": {
    "thr": 0.44499999999999995,
    "val_acc": 0.6549944417976814
  },
  "best_thr_by_f1": {
    "thr": 0.44499999999999995,
    "val_f1": 0.654878332015971
  }
}