{
  "threshold": 0.48999999999999994,
  "val": {
    "acc": 0.6556296649198031,
    "f1_macro": 0.6551390917311305,
    "cm": [
      [
        3891,
        2401
      ],
      [
        1936,
        4366
      ]
    ]
  },
  "test": {
    "acc": 0.6409625158831004,
    "f1_macro": 0.6404889775071445,
    "cm": [
      [
        3807,
        2484
      ],
      [
        2037,
        4264
      ]
    ]
  },
  "best_thr_by_acc": {
    "thr": 0.48999999999999994,
    "val_acc": 0.6556296649198031
  },
  "best_thr_by_f1": {
    "thr": 0.48999999999999994,
    "val_f1": 0.6551390917311305
  }
}