{
  "threshold": 0.5299999999999999,
  "val": {
    "acc": 0.6474511672224869,
    "f1_macro": 0.64552651471478,
    "cm": [
      [
        4541,
        1751
      ],
      [
        2689,
        3613
      ]
    ]
  },
  "test": {
    "acc": 0.6341327827191868,
    "f1_macro": 0.631673124703289,
    "cm": [
      [
        4507,
        1784
      ],
      [
        2823,
        3478
      ]
    ]
  },
  "best_thr_by_acc": {
    "thr": 0.5299999999999999,
    "val_acc": 0.6474511672224869
  },
  "best_thr_by_f1": {
    "thr": 0.49499999999999994,
    "val_f1": 0.6468765665526035
  }
}