{
  "train": {
    "acc": 0.8954521273926267,
    "f1_macro": 0.9055086290241982
  },
  "val": {
    "acc": 0.6570799569066467,
    "f1_macro": 0.350581960945188
  },
  "test": {
    "acc": 0.6445901639344263,
    "f1_macro": 0.348664512643893,
    "report": {
      "black": {
        "precision": 0.649275937314025,
        "recall": 0.6631546955728903,
        "f1-score": 0.656141933543828,
        "support": 9871.0
      },
      "draw": {
        "precision": 0.06818181818181818,
        "recall": 0.05804111245465538,
        "f1-score": 0.06270411495754409,
        "support": 827.0
      },
      "white": {
        "precision": 0.678530859522908,
        "recall": 0.6731148464644567,
        "f1-score": 0.6758120020741998,
        "support": 10649.0
      },
      "NaN": {
        "precision": 0.0,
        "recall": 0.0,
        "f1-score": 0.0,
        "support": 3.0
      },
      "accuracy": 0.6445901639344263,
      "macro avg": {
        "precision": 0.3489971537546878,
        "recall": 0.3485776636230006,
        "f1-score": 0.348664512643893,
        "support": 21350.0
      },
      "weighted avg": {
        "precision": 0.6412676470221336,
        "recall": 0.6445901639344263,
        "f1-score": 0.642873786377947,
        "support": 21350.0
      }
    },
    "confusion_matrix": [
      [
        6546,
        312,
        3013,
        0
      ],
      [
        397,
        48,
        382,
        0
      ],
      [
        3137,
        344,
        7168,
        0
      ],
      [
        2,
        0,
        1,
        0
      ]
    ]
  }
}