{
  "train": {
    "acc": 0.9034049602536142,
    "f1_macro": 0.9148275372957598
  },
  "val": {
    "acc": 0.6520022246941045,
    "f1_macro": 0.3559630208626133
  },
  "test": {
    "acc": 0.6514654357377232,
    "f1_macro": 0.34534590886417493,
    "report": {
      "black": {
        "precision": 0.6497905027932961,
        "recall": 0.6726506024096386,
        "f1-score": 0.6610229694529955,
        "support": 8300.0
      },
      "draw": {
        "precision": 0.04536082474226804,
        "recall": 0.031609195402298854,
        "f1-score": 0.03725656223539373,
        "support": 696.0
      },
      "white": {
        "precision": 0.6860961365678346,
        "recall": 0.6801380538855488,
        "f1-score": 0.6831041037683104,
        "support": 8982.0
      },
      "NaN": {
        "precision": 0.0,
        "recall": 0.0,
        "f1-score": 0.0,
        "support": 3.0
      },
      "accuracy": 0.6514654357377232,
      "macro avg": {
        "precision": 0.3453118660258497,
        "recall": 0.34609946292437155,
        "f1-score": 0.34534590886417493,
        "support": 17981.0
      },
      "weighted avg": {
        "precision": 0.6444217677469143,
        "recall": 0.6514654357377232,
        "f1-score": 0.6477983579235117,
        "support": 17981.0
      }
    },
    "confusion_matrix": [
      [
        5583,
        232,
        2485,
        0
      ],
      [
        365,
        22,
        309,
        0
      ],
      [
        2642,
        231,
        6109,
        0
      ],
      [
        2,
        0,
        1,
        0
      ]
    ]
  }
}