{
  "train": {
    "acc": 0.9801566019521614,
    "f1_macro": 0.989343716002236
  },
  "val": {
    "acc": 0.6583982202447164,
    "f1_macro": 0.33562217126933336
  },
  "test": {
    "acc": 0.6607530170735777,
    "f1_macro": 0.33746143802290407,
    "report": {
      "black": {
        "precision": 0.6455258302583026,
        "recall": 0.6744578313253012,
        "f1-score": 0.6596747584256423,
        "support": 8300.0
      },
      "draw": {
        "precision": 0.08333333333333333,
        "recall": 0.0014367816091954023,
        "f1-score": 0.002824858757062147,
        "support": 696.0
      },
      "white": {
        "precision": 0.675701839303001,
        "recall": 0.6993987975951904,
        "f1-score": 0.6873461349089118,
        "support": 8982.0
      },
      "NaN": {
        "precision": 0.0,
        "recall": 0.0,
        "f1-score": 0.0,
        "support": 3.0
      },
      "accuracy": 0.6607530170735777,
      "macro avg": {
        "precision": 0.35114025072365923,
        "recall": 0.34382335263242175,
        "f1-score": 0.33746143802290407,
        "support": 17981.0
      },
      "weighted avg": {
        "precision": 0.6387307887082735,
        "recall": 0.6607530170735777,
        "f1-score": 0.6479622701951834,
        "support": 17981.0
      }
    },
    "confusion_matrix": [
      [
        5598,
        8,
        2694,
        0
      ],
      [
        375,
        1,
        320,
        0
      ],
      [
        2697,
        3,
        6282,
        0
      ],
      [
        2,
        0,
        1,
        0
      ]
    ]
  }
}