{
  "val": {
    "acc": 0.6492774336985866,
    "f1_macro": 0.643589380933088,
    "cm": [
      [
        3293,
        2999
      ],
      [
        1418,
        4884
      ]
    ]
  },
  "test": {
    "acc": 0.6375476493011436,
    "f1_macro": 0.6314628126848862,
    "cm": [
      [
        3205,
        3086
      ],
      [
        1478,
        4823
      ]
    ]
  }
}