{
  "config": {
    "cutoff_full_moves": 30,
    "cutoff_plies": 60,
    "vocab_size": 6809,
    "embedding_dim": 128,
    "dropout": {
      "after_lstm": 0.2,
      "after_dense": 0.15
    },
    "optimizer": "AdamW",
    "clipnorm": 1.0,
    "epochs": 40,
    "batch_size": 512,
    "balanced_oversample_draws": 6
  },
  "val": {
    "acc": 0.5874748231767296,
    "f1_macro": 0.45922136222174176,
    "confusion_matrix": [
      [
        5732,
        1124,
        3016
      ],
      [
        325,
        210,
        292
      ],
      [
        2879,
        1171,
        6600
      ]
    ]
  },
  "test": {
    "acc": 0.5878853180923826,
    "f1_macro": 0.46341549309849156,
    "report": {
      "black": {
        "precision": 0.6438820472263022,
        "recall": 0.5774062816616008,
        "f1-score": 0.6088349981304417,
        "support": 9870.0
      },
      "draw": {
        "precision": 0.09147528221097703,
        "recall": 0.2841596130592503,
        "f1-score": 0.13839811542991756,
        "support": 827.0
      },
      "white": {
        "precision": 0.6664315937940761,
        "recall": 0.6211850878016715,
        "f1-score": 0.6430133657351155,
        "support": 10649.0
      },
      "accuracy": 0.5878853180923826,
      "macro avg": {
        "precision": 0.4672629744104517,
        "recall": 0.4942503275075076,
        "f1-score": 0.46341549309849156,
        "support": 21346.0
      },
      "weighted avg": {
        "precision": 0.633729781074918,
        "recall": 0.5878853180923826,
        "f1-score": 0.6076597959674527,
        "support": 21346.0
      }
    },
    "confusion_matrix": [
      [
        5699,
        1165,
        3006
      ],
      [
        287,
        235,
        305
      ],
      [
        2865,
        1169,
        6615
      ]
    ]
  },
  "artifacts": {
    "best_model": "E:\\Github Projects\\chess-outcome-prediction\\results\\best_seq_model.keras",
    "vocab": "E:\\Github Projects\\chess-outcome-prediction\\results\\vocab.json"
  }
}