{
  "config": {
    "cutoff_full_moves": 30,
    "cutoff_plies": 60,
    "vocab_size": 6809,
    "embedding_dim": 128,
    "dropout": {
      "after_lstm": 0.2,
      "after_dense": 0.15
    },
    "optimizer": "AdamW",
    "clipnorm": 1.0,
    "epochs": 40,
    "batch_size": 512,
    "balanced_oversample_draws": 6
  },
  "val": {
    "acc": 0.5933767389573282,
    "f1_macro": 0.4608460164470587,
    "confusion_matrix": [
      [
        5721,
        1014,
        3137
      ],
      [
        336,
        193,
        298
      ],
      [
        2812,
        1084,
        6754
      ]
    ]
  },
  "test": {
    "acc": 0.5901808301321091,
    "f1_macro": 0.45906773511412996,
    "report": {
      "black": {
        "precision": 0.6444393956605703,
        "recall": 0.5747720364741641,
        "f1-score": 0.6076152733893857,
        "support": 9870.0
      },
      "draw": {
        "precision": 0.08361629881154499,
        "recall": 0.23821039903264812,
        "f1-score": 0.12378259503612944,
        "support": 827.0
      },
      "white": {
        "precision": 0.6604495926180426,
        "recall": 0.6317964128087145,
        "f1-score": 0.6458053369168747,
        "support": 10649.0
      },
      "accuracy": 0.5901808301321091,
      "macro avg": {
        "precision": 0.46283509569671927,
        "recall": 0.4815929494385089,
        "f1-score": 0.45906773511412996,
        "support": 21346.0
      },
      "weighted avg": {
        "precision": 0.6306987363476301,
        "recall": 0.5901808301321091,
        "f1-score": 0.6079224204664065,
        "support": 21346.0
      }
    },
    "confusion_matrix": [
      [
        5673,
        1059,
        3138
      ],
      [
        309,
        197,
        321
      ],
      [
        2821,
        1100,
        6728
      ]
    ]
  },
  "artifacts": {
    "best_model": "E:\\Github Projects\\chess-outcome-prediction\\results\\best_seq_model.keras",
    "vocab": "E:\\Github Projects\\chess-outcome-prediction\\results\\vocab.json"
  }
}