{
  "val": {
    "acc": 0.6083055423217405,
    "f1_macro": 0.608292381580188,
    "cm": [
      [
        3867,
        2425
      ],
      [
        2508,
        3794
      ]
    ]
  },
  "test": {
    "acc": 0.5977604828462516,
    "f1_macro": 0.5976203363263762,
    "cm": [
      [
        3881,
        2410
      ],
      [
        2655,
        3646
      ]
    ]
  }
}