{
  "val": {
    "acc": 0.6531187122736418,
    "f1_macro": 0.6513373146590546,
    "cm": [
      [
        14405,
        5486
      ],
      [
        8306,
        11563
      ]
    ]
  },
  "test": {
    "acc": 0.6551541983196659,
    "f1_macro": 0.6533284193139498,
    "cm": [
      [
        14465,
        5423
      ],
      [
        8286,
        11580
      ]
    ]
  }
}