{
  "train": {
    "acc": 0.5925082054421905,
    "f1_macro": 0.5682971722070697,
    "report": {
      "black": {
        "precision": 0.5722998187440026,
        "recall": 0.5826747720364741,
        "f1-score": 0.5774406971115056,
        "support": 46060.0
      },
      "draw": {
        "precision": 0.6545531375448975,
        "recall": 0.8025906735751296,
        "f1-score": 0.721052019085302,
        "support": 3860.0
      },
      "white": {
        "precision": 0.6067314915282531,
        "recall": 0.585156265722163,
        "f1-score": 0.5957486042104185,
        "support": 49691.0
      },
      "NaN": {
        "precision": 0.23376623376623376,
        "recall": 1.0,
        "f1-score": 0.37894736842105264,
        "support": 18.0
      },
      "accuracy": 0.5925082054421905,
      "macro avg": {
        "precision": 0.5168376703958467,
        "recall": 0.7426054278334416,
        "f1-score": 0.5682971722070697,
        "support": 99629.0
      },
      "weighted avg": {
        "precision": 0.5925986118500666,
        "recall": 0.5925082054421905,
        "f1-score": 0.5921001339677875,
        "support": 99629.0
      }
    },
    "confusion_matrix": [
      [
        26838,
        788,
        18408,
        26
      ],
      [
        323,
        3098,
        439,
        0
      ],
      [
        19734,
        847,
        29077,
        33
      ],
      [
        0,
        0,
        0,
        18
      ]
    ]
  },
  "val": {
    "acc": 0.5288303901822099,
    "f1_macro": 0.2844640894936894,
    "report": {
      "black": {
        "precision": 0.5284414675597321,
        "recall": 0.5355623100303951,
        "f1-score": 0.531978060685352,
        "support": 9870.0
      },
      "draw": {
        "precision": 0.05067064083457526,
        "recall": 0.041112454655380895,
        "f1-score": 0.04539385847797063,
        "support": 827.0
      },
      "white": {
        "precision": 0.5603003284842797,
        "recall": 0.5606686701728024,
        "f1-score": 0.5604844388114351,
        "support": 10648.0
      },
      "NaN": {
        "precision": 0.0,
        "recall": 0.0,
        "f1-score": 0.0,
        "support": 4.0
      },
      "accuracy": 0.5288303901822099,
      "macro avg": {
        "precision": 0.2848531092196468,
        "recall": 0.2843358587146446,
        "f1-score": 0.2844640894936894,
        "support": 21349.0
      },
      "weighted avg": {
        "precision": 0.5257248490554761,
        "recall": 0.5288303901822099,
        "f1-score": 0.5272472942240791,
        "support": 21349.0
      }
    },
    "confusion_matrix": [
      [
        5286,
        295,
        4277,
        12
      ],
      [
        386,
        34,
        406,
        1
      ],
      [
        4329,
        342,
        5970,
        7
      ],
      [
        2,
        0,
        2,
        0
      ]
    ]
  },
  "test": {
    "acc": 0.5226229508196721,
    "f1_macro": 0.28011070444488395,
    "report": {
      "black": {
        "precision": 0.5201411349603058,
        "recall": 0.5376354979232094,
        "f1-score": 0.528743648500548,
        "support": 9871.0
      },
      "draw": {
        "precision": 0.04310344827586207,
        "recall": 0.036275695284159616,
        "f1-score": 0.03939592908732764,
        "support": 827.0
      },
      "white": {
        "precision": 0.5581016299137105,
        "recall": 0.5466240961592638,
        "f1-score": 0.55230324019166,
        "support": 10649.0
      },
      "NaN": {
        "precision": 0.0,
        "recall": 0.0,
        "f1-score": 0.0,
        "support": 3.0
      },
      "accuracy": 0.5226229508196721,
      "macro avg": {
        "precision": 0.2803365532874696,
        "recall": 0.2801338223416582,
        "f1-score": 0.28011070444488395,
        "support": 21350.0
      },
      "weighted avg": {
        "precision": 0.5205238384950079,
        "recall": 0.5226229508196721,
        "f1-score": 0.5214653954334949,
        "support": 21350.0
      }
    },
    "confusion_matrix": [
      [
        5307,
        336,
        4220,
        8
      ],
      [
        409,
        30,
        388,
        0
      ],
      [
        4485,
        330,
        5821,
        13
      ],
      [
        2,
        0,
        1,
        0
      ]
    ]
  }
}