{
  "config": {
    "cutoff_full_moves": 30,
    "cutoff_plies": 60,
    "vocab_size": 6809,
    "embedding_dim": 128,
    "dropout": {
      "after_lstm": 0.2,
      "after_concat": 0.15
    },
    "optimizer": "AdamW",
    "clipnorm": 1.0,
    "epochs": 40,
    "batch_size": 512,
    "balanced_oversample_draws": 6,
    "elo_features": [
      "elo_diff",
      "elo_avg"
    ]
  },
  "val": {
    "acc": 0.5758583540212656,
    "f1_macro": 0.4561277919217042,
    "confusion_matrix": [
      [
        5512,
        1366,
        2994
      ],
      [
        297,
        251,
        279
      ],
      [
        2751,
        1368,
        6531
      ]
    ]
  },
  "test": {
    "acc": 0.5790780474093506,
    "f1_macro": 0.4603236385067735,
    "report": {
      "black": {
        "precision": 0.6481267345050878,
        "recall": 0.5678824721377913,
        "f1-score": 0.6053569499945999,
        "support": 9870.0
      },
      "draw": {
        "precision": 0.08728841686027215,
        "recall": 0.3180169286577993,
        "f1-score": 0.13697916666666668,
        "support": 827.0
      },
      "white": {
        "precision": 0.6704181724315953,
        "recall": 0.6097286130153066,
        "f1-score": 0.6386347988590538,
        "support": 10649.0
      },
      "accuracy": 0.5790780474093506,
      "macro avg": {
        "precision": 0.46861110793231847,
        "recall": 0.4985426712702991,
        "f1-score": 0.4603236385067735,
        "support": 21346.0
      },
      "weighted avg": {
        "precision": 0.6375190437802268,
        "recall": 0.5790780474093506,
        "f1-score": 0.6038122758516864,
        "support": 21346.0
      }
    },
    "confusion_matrix": [
      [
        5605,
        1360,
        2905
      ],
      [
        277,
        263,
        287
      ],
      [
        2766,
        1390,
        6493
      ]
    ]
  },
  "artifacts": {
    "best_model": "E:\\Github Projects\\chess-outcome-prediction\\results\\best_seq_model.keras",
    "vocab": "E:\\Github Projects\\chess-outcome-prediction\\results\\vocab.json"
  }
}