{
  "train": {
    "acc": 0.5843135852789397,
    "f1_macro": 0.596744380804493,
    "report": {
      "black": {
        "precision": 0.56953125,
        "recall": 0.5458559256390395,
        "f1-score": 0.5574423203691496,
        "support": 38730.0
      },
      "draw": {
        "precision": 0.5716849899035226,
        "recall": 0.7844827586206896,
        "f1-score": 0.6613887086307593,
        "support": 3248.0
      },
      "white": {
        "precision": 0.5988128739328872,
        "recall": 0.6041706432525291,
        "f1-score": 0.6014798275513961,
        "support": 41912.0
      },
      "NaN": {
        "precision": 0.3953488372093023,
        "recall": 1.0,
        "f1-score": 0.5666666666666667,
        "support": 17.0
      },
      "accuracy": 0.5843135852789397,
      "macro avg": {
        "precision": 0.533844487761428,
        "recall": 0.7336273318780646,
        "f1-score": 0.596744380804493,
        "support": 83907.0
      },
      "weighted avg": {
        "precision": 0.5842056593873499,
        "recall": 0.5843135852789397,
        "f1-score": 0.5834648772950685,
        "support": 83907.0
      }
    },
    "confusion_matrix": [
      [
        21141,
        950,
        16629,
        10
      ],
      [
        364,
        2548,
        336,
        0
      ],
      [
        15615,
        959,
        25322,
        16
      ],
      [
        0,
        0,
        0,
        17
      ]
    ]
  },
  "val": {
    "acc": 0.5176307007786429,
    "f1_macro": 0.28056144051214926,
    "report": {
      "black": {
        "precision": 0.5176441956680458,
        "recall": 0.5125918785395831,
        "f1-score": 0.5151056487255555,
        "support": 8299.0
      },
      "draw": {
        "precision": 0.05368098159509203,
        "recall": 0.05028735632183908,
        "f1-score": 0.05192878338278932,
        "support": 696.0
      },
      "white": {
        "precision": 0.5517317207256734,
        "recall": 0.5587351074490591,
        "f1-score": 0.5552113299402522,
        "support": 8981.0
      },
      "NaN": {
        "precision": 0.0,
        "recall": 0.0,
        "f1-score": 0.0,
        "support": 4.0
      },
      "accuracy": 0.5176307007786429,
      "macro avg": {
        "precision": 0.28076422449720284,
        "recall": 0.28040358557762035,
        "f1-score": 0.28056144051214926,
        "support": 17980.0
      },
      "weighted avg": {
        "precision": 0.5165958691255044,
        "recall": 0.5176307007786429,
        "f1-score": 0.5170943918910574,
        "support": 17980.0
      }
    },
    "confusion_matrix": [
      [
        4254,
        295,
        3739,
        11
      ],
      [
        326,
        35,
        335,
        0
      ],
      [
        3637,
        322,
        5018,
        4
      ],
      [
        1,
        0,
        3,
        0
      ]
    ]
  },
  "test": {
    "acc": 0.5167120849785886,
    "f1_macro": 0.2788957294707663,
    "report": {
      "black": {
        "precision": 0.5177933752000985,
        "recall": 0.5066265060240964,
        "f1-score": 0.5121490774008891,
        "support": 8300.0
      },
      "draw": {
        "precision": 0.048411497730711045,
        "recall": 0.04597701149425287,
        "f1-score": 0.04716285924834193,
        "support": 696.0
      },
      "white": {
        "precision": 0.5500054412884972,
        "recall": 0.5626809173903362,
        "f1-score": 0.5562709812338341,
        "support": 8982.0
      },
      "NaN": {
        "precision": 0.0,
        "recall": 0.0,
        "f1-score": 0.0,
        "support": 3.0
      },
      "accuracy": 0.5167120849785886,
      "macro avg": {
        "precision": 0.2790525785548267,
        "recall": 0.27882110872717136,
        "f1-score": 0.2788957294707663,
        "support": 17981.0
      },
      "weighted avg": {
        "precision": 0.5156291802588662,
        "recall": 0.5167120849785886,
        "f1-score": 0.5161052581005797,
        "support": 17981.0
      }
    },
    "confusion_matrix": [
      [
        4205,
        314,
        3776,
        5
      ],
      [
        306,
        32,
        357,
        1
      ],
      [
        3609,
        315,
        5054,
        4
      ],
      [
        1,
        0,
        2,
        0
      ]
    ]
  }
}