{
  "val": {
    "acc": 0.6537239955534382,
    "f1_macro": 0.653652456715176,
    "cm": [
      [
        4026,
        2266
      ],
      [
        2095,
        4207
      ]
    ]
  },
  "test": {
    "acc": 0.642233163913596,
    "f1_macro": 0.6421608528945361,
    "cm": [
      [
        3954,
        2337
      ],
      [
        2168,
        4133
      ]
    ]
  }
}