{
  "train": {
    "acc": 0.571680936273575,
    "f1_macro": 0.49854942229523624,
    "report": {
      "black": {
        "precision": 0.5496274153019669,
        "recall": 0.5508684324793748,
        "f1-score": 0.5502472241498959,
        "support": 46060.0
      },
      "draw": {
        "precision": 0.6583796431705177,
        "recall": 0.5831606217616581,
        "f1-score": 0.6184915510372304,
        "support": 3860.0
      },
      "white": {
        "precision": 0.5873136720628306,
        "recall": 0.5899257410798736,
        "f1-score": 0.5886168087306607,
        "support": 49691.0
      },
      "NaN": {
        "precision": 0.13432835820895522,
        "recall": 1.0,
        "f1-score": 0.23684210526315788,
        "support": 18.0
      },
      "accuracy": 0.571680936273575,
      "macro avg": {
        "precision": 0.4824122721860676,
        "recall": 0.6809886988302266,
        "f1-score": 0.49854942229523624,
        "support": 99629.0
      },
      "weighted avg": {
        "precision": 0.5725622636016487,
        "recall": 0.571680936273575,
        "f1-score": 0.5719718709600409,
        "support": 99629.0
      }
    },
    "confusion_matrix": [
      [
        25373,
        591,
        20034,
        62
      ],
      [
        1045,
        2251,
        564,
        0
      ],
      [
        19746,
        577,
        29314,
        54
      ],
      [
        0,
        0,
        0,
        18
      ]
    ]
  },
  "val": {
    "acc": 0.5293924773994098,
    "f1_macro": 0.2812970880670693,
    "report": {
      "black": {
        "precision": 0.5208292005554453,
        "recall": 0.532016210739615,
        "f1-score": 0.5263632718524459,
        "support": 9870.0
      },
      "draw": {
        "precision": 0.054373522458628844,
        "recall": 0.02781136638452237,
        "f1-score": 0.0368,
        "support": 827.0
      },
      "white": {
        "precision": 0.5579931500509118,
        "recall": 0.5661157024793388,
        "f1-score": 0.5620250804158314,
        "support": 10648.0
      },
      "NaN": {
        "precision": 0.0,
        "recall": 0.0,
        "f1-score": 0.0,
        "support": 4.0
      },
      "accuracy": 0.5293924773994098,
      "macro avg": {
        "precision": 0.28329896826624645,
        "recall": 0.28148581990086907,
        "f1-score": 0.2812970880670693,
        "support": 21349.0
      },
      "weighted avg": {
        "precision": 0.5211982844300735,
        "recall": 0.5293924773994098,
        "f1-score": 0.5250869899972558,
        "support": 21349.0
      }
    },
    "confusion_matrix": [
      [
        5251,
        207,
        4391,
        21
      ],
      [
        419,
        23,
        383,
        2
      ],
      [
        4409,
        193,
        6028,
        18
      ],
      [
        3,
        0,
        1,
        0
      ]
    ]
  },
  "test": {
    "acc": 0.5212177985948477,
    "f1_macro": 0.2760175390715013,
    "report": {
      "black": {
        "precision": 0.5140810519085468,
        "recall": 0.5307466315469558,
        "f1-score": 0.5222809291197288,
        "support": 9871.0
      },
      "draw": {
        "precision": 0.04728132387706856,
        "recall": 0.02418379685610641,
        "f1-score": 0.032,
        "support": 827.0
      },
      "white": {
        "precision": 0.5484534155686385,
        "recall": 0.5511315616489811,
        "f1-score": 0.5497892271662763,
        "support": 10649.0
      },
      "NaN": {
        "precision": 0.0,
        "recall": 0.0,
        "f1-score": 0.0,
        "support": 3.0
      },
      "accuracy": 0.5212177985948477,
      "macro avg": {
        "precision": 0.2774539478385635,
        "recall": 0.27651549751301086,
        "f1-score": 0.2760175390715013,
        "support": 21350.0
      },
      "weighted avg": {
        "precision": 0.5130714819965354,
        "recall": 0.5212177985948477,
        "f1-score": 0.5169369803950594,
        "support": 21350.0
      }
    },
    "confusion_matrix": [
      [
        5239,
        187,
        4426,
        19
      ],
      [
        400,
        20,
        405,
        2
      ],
      [
        4550,
        216,
        5869,
        14
      ],
      [
        2,
        0,
        1,
        0
      ]
    ]
  }
}