{
  "val": {
    "acc": 0.6563442909321899,
    "f1_macro": 0.656318072018834,
    "cm": [
      [
        4188,
        2104
      ],
      [
        2224,
        4078
      ]
    ]
  },
  "test": {
    "acc": 0.6446156289707751,
    "f1_macro": 0.6445684984226344,
    "cm": [
      [
        4131,
        2160
      ],
      [
        2315,
        3986
      ]
    ]
  }
}