{
  "val": {
    "acc": 0.6022709226615849,
    "f1_macro": 0.5997014799503944,
    "cm": [
      [
        3288,
        3004
      ],
      [
        2005,
        4297
      ]
    ]
  },
  "test": {
    "acc": 0.5928367217280813,
    "f1_macro": 0.5905403347127719,
    "cm": [
      [
        3261,
        3030
      ],
      [
        2097,
        4204
      ]
    ]
  }
}