{
  "val": {
    "acc": 0.6499126568207083,
    "f1_macro": 0.6498067634906782,
    "cm": [
      [
        3983,
        2309
      ],
      [
        2100,
        4202
      ]
    ]
  },
  "test": {
    "acc": 0.639135959339263,
    "f1_macro": 0.6390196777452417,
    "cm": [
      [
        3911,
        2380
      ],
      [
        2164,
        4137
      ]
    ]
  }
}