{
  "config": {
    "cutoff_full_moves": 30,
    "cutoff_plies": 60,
    "vocab_size": 6809,
    "embedding_dim": 128,
    "dropout": {
      "after_lstm": 0.2,
      "after_concat": 0.15
    },
    "optimizer": "AdamW",
    "clipnorm": 1.0,
    "epochs": 40,
    "batch_size": 512,
    "balanced_oversample_draws": 6,
    "elo_features": [
      "elo_diff",
      "elo_avg"
    ]
  },
  "val": {
    "acc": 0.5702843224507003,
    "f1_macro": 0.45217027634661405,
    "confusion_matrix": [
      [
        5227,
        1387,
        3258
      ],
      [
        284,
        258,
        285
      ],
      [
        2455,
        1505,
        6690
      ]
    ]
  },
  "test": {
    "acc": 0.568350042162466,
    "f1_macro": 0.4533091413174735,
    "report": {
      "black": {
        "precision": 0.6571681864235056,
        "recall": 0.5257345491388045,
        "f1-score": 0.5841494990431161,
        "support": 9870.0
      },
      "draw": {
        "precision": 0.08593508500772798,
        "recall": 0.33615477629987905,
        "f1-score": 0.13687838503200395,
        "support": 827.0
      },
      "white": {
        "precision": 0.6524718551150269,
        "recall": 0.6258803643534604,
        "f1-score": 0.6388995398773006,
        "support": 10649.0
      },
      "accuracy": 0.568350042162466,
      "macro avg": {
        "precision": 0.46519170884875355,
        "recall": 0.49592322993071464,
        "f1-score": 0.4533091413174735,
        "support": 21346.0
      },
      "weighted avg": {
        "precision": 0.6326942331313273,
        "recall": 0.568350042162466,
        "f1-score": 0.5941345067052561,
        "support": 21346.0
      }
    },
    "confusion_matrix": [
      [
        5189,
        1426,
        3255
      ],
      [
        254,
        278,
        295
      ],
      [
        2453,
        1531,
        6665
      ]
    ]
  },
  "artifacts": {
    "best_model": "E:\\Github Projects\\chess-outcome-prediction\\results\\best_seq_model.keras",
    "vocab": "E:\\Github Projects\\chess-outcome-prediction\\results\\vocab.json"
  }
}