{
  "train": {
    "acc": 0.6045383579439141,
    "f1_macro": 0.6082751281557595,
    "report": {
      "black": {
        "precision": 0.5964819700967459,
        "recall": 0.5253292021688614,
        "f1-score": 0.5586490939044481,
        "support": 38730.0
      },
      "draw": {
        "precision": 0.643161913316865,
        "recall": 0.8817733990147784,
        "f1-score": 0.74379950655759,
        "support": 3248.0
      },
      "white": {
        "precision": 0.6071136820259201,
        "recall": 0.6560889482725711,
        "f1-score": 0.6306519121609999,
        "support": 41912.0
      },
      "NaN": {
        "precision": 0.3333333333333333,
        "recall": 1.0,
        "f1-score": 0.5,
        "support": 17.0
      },
      "accuracy": 0.6045383579439141,
      "macro avg": {
        "precision": 0.5450227246932161,
        "recall": 0.7657978873640527,
        "f1-score": 0.6082751281557595,
        "support": 83907.0
      },
      "weighted avg": {
        "precision": 0.6035462107337549,
        "recall": 0.6045383579439141,
        "f1-score": 0.6017700924441364,
        "support": 83907.0
      }
    },
    "confusion_matrix": [
      [
        20346,
        783,
        17590,
        11
      ],
      [
        179,
        2864,
        205,
        0
      ],
      [
        13585,
        806,
        27498,
        23
      ],
      [
        0,
        0,
        0,
        17
      ]
    ]
  },
  "val": {
    "acc": 0.5192436040044494,
    "f1_macro": 0.2781326379044151,
    "report": {
      "black": {
        "precision": 0.5235223160434258,
        "recall": 0.4706591155560911,
        "f1-score": 0.49568527918781724,
        "support": 8299.0
      },
      "draw": {
        "precision": 0.048576214405360134,
        "recall": 0.041666666666666664,
        "f1-score": 0.0448569218870843,
        "support": 696.0
      },
      "white": {
        "precision": 0.5453352180936996,
        "recall": 0.6013806925732101,
        "f1-score": 0.5719883505427588,
        "support": 8981.0
      },
      "NaN": {
        "precision": 0.0,
        "recall": 0.0,
        "f1-score": 0.0,
        "support": 4.0
      },
      "accuracy": 0.5192436040044494,
      "macro avg": {
        "precision": 0.27935843713562136,
        "recall": 0.278426618698992,
        "f1-score": 0.2781326379044151,
        "support": 17980.0
      },
      "weighted avg": {
        "precision": 0.5159163703987786,
        "recall": 0.5192436040044494,
        "f1-score": 0.5162369257974205,
        "support": 17980.0
      }
    },
    "confusion_matrix": [
      [
        3906,
        268,
        4114,
        11
      ],
      [
        279,
        29,
        387,
        1
      ],
      [
        3274,
        300,
        5401,
        6
      ],
      [
        2,
        0,
        2,
        0
      ]
    ]
  },
  "test": {
    "acc": 0.5227184250041711,
    "f1_macro": 0.27765566159201005,
    "report": {
      "black": {
        "precision": 0.5266846361185984,
        "recall": 0.4708433734939759,
        "f1-score": 0.49720101781170484,
        "support": 8300.0
      },
      "draw": {
        "precision": 0.03885135135135135,
        "recall": 0.033045977011494254,
        "f1-score": 0.03571428571428571,
        "support": 696.0
      },
      "white": {
        "precision": 0.5496582227583434,
        "recall": 0.6087731017590737,
        "f1-score": 0.5777073428420496,
        "support": 8982.0
      },
      "NaN": {
        "precision": 0.0,
        "recall": 0.0,
        "f1-score": 0.0,
        "support": 3.0
      },
      "accuracy": 0.5227184250041711,
      "macro avg": {
        "precision": 0.2787985525570733,
        "recall": 0.27816561306613596,
        "f1-score": 0.27765566159201005,
        "support": 17981.0
      },
      "weighted avg": {
        "precision": 0.5191898769334491,
        "recall": 0.5227184250041711,
        "f1-score": 0.5194701598410313,
        "support": 17981.0
      }
    },
    "confusion_matrix": [
      [
        3908,
        278,
        4104,
        10
      ],
      [
        296,
        23,
        375,
        2
      ],
      [
        3214,
        291,
        5468,
        9
      ],
      [
        2,
        0,
        1,
        0
      ]
    ]
  }
}