{
  "val": {
    "acc": 0.6545180244560902,
    "f1_macro": 0.6542015449281988
  },
  "test": {
    "acc": 0.6404860228716646,
    "f1_macro": 0.6400682451105126
  },
  "best_thr": 0.44999999999999996
}