{
  "val": {
    "acc": 0.6474511672224869,
    "f1_macro": 0.64552651471478
  },
  "test": {
    "acc": 0.6341327827191868,
    "f1_macro": 0.631673124703289
  },
  "best_thr": 0.5299999999999999
}