{
  "val": {
    "acc": 0.6016356995394633,
    "f1_macro": 0.5948911794596401,
    "cm": [
      [
        2976,
        3316
      ],
      [
        1701,
        4601
      ]
    ]
  },
  "test": {
    "acc": 0.5932337992376112,
    "f1_macro": 0.5867438106296741,
    "cm": [
      [
        2946,
        3345
      ],
      [
        1777,
        4524
      ]
    ]
  }
}