{
  "val": {
    "acc": 0.6514213117357471,
    "f1_macro": 0.6502136678217548,
    "cm": [
      [
        4472,
        1820
      ],
      [
        2570,
        3732
      ]
    ]
  },
  "test": {
    "acc": 0.6410419313850063,
    "f1_macro": 0.6395281532115804,
    "cm": [
      [
        4444,
        1847
      ],
      [
        2673,
        3628
      ]
    ]
  }
}