{
  "val": {
    "acc": 0.6530093695410513,
    "f1_macro": 0.6523366235861194,
    "cm": [
      [
        4389,
        1903
      ],
      [
        2467,
        3835
      ]
    ]
  },
  "test": {
    "acc": 0.6418360864040661,
    "f1_macro": 0.6409935814695127,
    "cm": [
      [
        4346,
        1945
      ],
      [
        2565,
        3736
      ]
    ]
  }
}